{
  "accuracy": 0.975,
  "classification_report": {
    "booking_request": {
      "precision": 0.9444444444444444,
      "recall": 1.0,
      "f1-score": 0.9714285714285714,
      "support": 17.0
    },
    "booking_modification": {
      "precision": 1.0,
      "recall": 1.0,
      "f1-score": 1.0,
      "support": 6.0
    },
    "cancellation": {
      "precision": 1.0,
      "recall": 1.0,
      "f1-score": 1.0,
      "support": 5.0
    },
    "price_inquiry": {
      "precision": 1.0,
      "recall": 1.0,
      "f1-score": 1.0,
      "support": 4.0
    },
    "availability_check": {
      "precision": 1.0,
      "recall": 0.75,
      "f1-score": 0.8571428571428571,
      "support": 4.0
    },
    "other": {
      "precision": 1.0,
      "recall": 1.0,
      "f1-score": 1.0,
      "support": 4.0
    },
    "accuracy": 0.975,
    "macro avg": {
      "precision": 0.9907407407407408,
      "recall": 0.9583333333333334,
      "f1-score": 0.9714285714285714,
      "support": 40.0
    },
    "weighted avg": {
      "precision": 0.976388888888889,
      "recall": 0.975,
      "f1-score": 0.9735714285714285,
      "support": 40.0
    }
  },
  "method_distribution": {
    "ml": 39,
    "rule": 1
  },
  "average_confidence": 0.9631601065397263
}