{
  "train_loss": [
    1.6637067000071208,
    1.6736156940460205,
    1.300726016362508,
    0.9822351535161337,
    0.8803709348042806,
    0.6698941588401794,
    0.48844339450200397,
    0.3952960968017578,
    0.32237746318181354,
    0.28896912435690564,
    0.26496309290329617,
    0.2207285389304161,
    0.19528920700152716,
    0.45786580815911293,
    0.1527739812930425
  ],
  "train_acc": [
    17.647058823529413,
    64.70588235294117,
    88.23529411764706,
    88.23529411764706,
    88.23529411764706,
    88.23529411764706,
    88.23529411764706,
    88.23529411764706,
    88.23529411764706,
    88.23529411764706,
    88.23529411764706,
    88.23529411764706,
    88.23529411764706,
    94.11764705882354,
    88.23529411764706
  ],
  "val_loss": [
    1.6533771753311157,
    1.5688018798828125,
    1.4957640171051025,
    1.4383714199066162,
    1.415358066558838,
    1.4402999877929688,
    1.5141907930374146,
    1.617133617401123,
    1.7266064882278442,
    1.8276495933532715,
    1.9235402345657349,
    2.018829584121704,
    2.083723306655884,
    2.106957197189331,
    2.108729124069214
  ],
  "val_acc": [
    50.0,
    50.0,
    50.0,
    50.0,
    50.0,
    50.0,
    50.0,
    50.0,
    50.0,
    50.0,
    50.0,
    50.0,
    50.0,
    50.0,
    50.0
  ]
}