{
  "train_loss": [
    1.7466758948106031,
    1.4899809268804698,
    1.3307696259938753,
    1.185861573769496,
    0.9761365606234624,
    0.7661670950742868,
    0.5778338336027585,
    0.3981268062041356,
    0.2825724293406193,
    0.20509334653615952,
    0.1313123983832506,
    0.08741419662076694,
    0.06750405250260463,
    0.043355426392876185,
    0.0333680734038353
  ],
  "train_acc": [
    28.0,
    43.0,
    42.0,
    43.0,
    61.0,
    83.0,
    91.0,
    96.0,
    100.0,
    99.0,
    100.0,
    100.0,
    100.0,
    100.0,
    100.0
  ],
  "val_loss": [
    1.5559418439865111,
    1.350970411300659,
    1.1869921684265137,
    1.0078364491462708,
    0.7997061133384704,
    0.6167738318443299,
    0.46136502027511594,
    0.3471218109130859,
    0.25988489091396333,
    0.20244931876659394,
    0.157318639755249,
    0.11803656965494155,
    0.09689408987760544,
    0.07870822250843049,
    0.07104676887392998
  ],
  "val_acc": [
    50.0,
    42.5,
    42.5,
    50.0,
    77.5,
    87.5,
    92.5,
    92.5,
    95.0,
    95.0,
    97.5,
    97.5,
    97.5,
    97.5,
    97.5
  ]
}